size,capacity_bytes
80 GB,80026361856
160 GB,160041885696
240 GB,240057409536
250 GB,250059350016
320 GB,320072933376
480 GB,480103981056
500 GB,500107862016
1 TB,1000204886016
2 TB,2000398934016
3 TB,3000592982016
4 TB,4000787030016
5 TB,5000981078016
6 TB,6001175126016
8 TB,8001563222016
10 TB,10000831348736
12 TB,12000138625024
14 TB,14000519643136
16 TB,16000900661248
18 TB,18000207937536
